videoId,videoTitle,videoDescription,videoPublishedAt,commentAuthor,commentText,commentPublishedAt,commentLikeCount
pQ6-jHTa7FI,life catch up / Q+A!  my life in boston + my job,hi everyone! thanks for watching! hope u are all doing well :) loving life rn and just wanted to drop a short video that isnt a vlog for ...,2019-07-17T01:27:14Z,@fayzaable,"I hope you never quit your ""day job"" to do youtube full time, just because it makes you so much more relatable ! Youtuber are just not relatable anymore. They all have a YOUTUBE LIFE; which is fun to follow but clearly, can't relate",2019-07-17T01:56:44Z,459
pQ6-jHTa7FI,life catch up / Q+A!  my life in boston + my job,hi everyone! thanks for watching! hope u are all doing well :) loving life rn and just wanted to drop a short video that isnt a vlog for ...,2019-07-17T01:27:14Z,@alaaabdou8014,I‚Äôve noticed how you tend to call your YouTube videos boring but you‚Äôre probably one of my favorite if not favorite YouTuber! You‚Äôre so mature and open minded! You carry yourself so well and are not the typical basic gal!!,2019-07-17T01:48:26Z,213
pQ6-jHTa7FI,life catch up / Q+A!  my life in boston + my job,hi everyone! thanks for watching! hope u are all doing well :) loving life rn and just wanted to drop a short video that isnt a vlog for ...,2019-07-17T01:27:14Z,@haddys2425,no one: Brooke: Iüëèüèª LOVEüëèüèª BOSTONüëèüèªüëèüèª,2019-07-17T01:30:47Z,153
pQ6-jHTa7FI,life catch up / Q+A!  my life in boston + my job,hi everyone! thanks for watching! hope u are all doing well :) loving life rn and just wanted to drop a short video that isnt a vlog for ...,2019-07-17T01:27:14Z,@TaliaLea,"honestly your self growth has shown so much through all of your recent videos!  your college and now career journey have been so inspiring!  so real showing every aspect both good & bad,  love it:)",2019-07-17T02:03:36Z,86
pQ6-jHTa7FI,life catch up / Q+A!  my life in boston + my job,hi everyone! thanks for watching! hope u are all doing well :) loving life rn and just wanted to drop a short video that isnt a vlog for ...,2019-07-17T01:27:14Z,@Nolakuer,Yes Brooke! Killing the uploading game even with your 8-5 job and can‚Äôt wait for your next video!,2019-07-17T01:28:11Z,170
pQ6-jHTa7FI,life catch up / Q+A!  my life in boston + my job,hi everyone! thanks for watching! hope u are all doing well :) loving life rn and just wanted to drop a short video that isnt a vlog for ...,2019-07-17T01:27:14Z,@HaleySchultz,"I think the work and youtube separation specifically with the company will happen soon and people won't comment and be weird once its not ""new"" anymore! Dont stress (:",2019-07-17T01:47:27Z,56
pQ6-jHTa7FI,life catch up / Q+A!  my life in boston + my job,hi everyone! thanks for watching! hope u are all doing well :) loving life rn and just wanted to drop a short video that isnt a vlog for ...,2019-07-17T01:27:14Z,@cookierocks1000,"You're one of the few YouTubers that not only has a ""real job"" but is so humble about the whole thing. It's very admirable that you recognize your privilege and are grateful for it. Love you Brooke!!",2019-07-17T11:02:53Z,25
pQ6-jHTa7FI,life catch up / Q+A!  my life in boston + my job,hi everyone! thanks for watching! hope u are all doing well :) loving life rn and just wanted to drop a short video that isnt a vlog for ...,2019-07-17T01:27:14Z,@jepswashere,I just moved into my first apartment in ct and started my first post grad job! Its definitely an adjustment living alone and adulting/working all day! Im so happy i found your channel because it is so relatable!,2019-08-07T02:01:16Z,0
pQ6-jHTa7FI,life catch up / Q+A!  my life in boston + my job,hi everyone! thanks for watching! hope u are all doing well :) loving life rn and just wanted to drop a short video that isnt a vlog for ...,2019-07-17T01:27:14Z,@zlightful,"I just want to say I appreciate you acknowledging the privileges and blessings you have. I know it can get tiring to repeat, and I'm sure people are not always polite when ""calling you out"" on it, but the way you receive constructive criticism and feedback really shows how mature you are. AND you definitely don't take it for granted and work hard for what you have earned! GOOD JOB to your parents for raising you so right! :)",2019-07-17T03:23:02Z,4
pQ6-jHTa7FI,life catch up / Q+A!  my life in boston + my job,hi everyone! thanks for watching! hope u are all doing well :) loving life rn and just wanted to drop a short video that isnt a vlog for ...,2019-07-17T01:27:14Z,@alexisl89,"Some recommendations from a fellow MA resident: Friendly Toast, Myers & Chang, Flour Bakery, and Tatte, are some of my faves!",2019-07-17T01:48:20Z,48
pQ6-jHTa7FI,life catch up / Q+A!  my life in boston + my job,hi everyone! thanks for watching! hope u are all doing well :) loving life rn and just wanted to drop a short video that isnt a vlog for ...,2019-07-17T01:27:14Z,@michaelaburr1720,"Boston is seriously so underrated, I've visited so many times and I know for sure I want to move there after I graduate college! I just love like the vibe of the city and how people are so fun/passionate (especially about sports which you gotta love)",2019-07-17T01:49:51Z,26
pQ6-jHTa7FI,life catch up / Q+A!  my life in boston + my job,hi everyone! thanks for watching! hope u are all doing well :) loving life rn and just wanted to drop a short video that isnt a vlog for ...,2019-07-17T01:27:14Z,@ashleybell3148,You fucking rock,2019-07-21T02:26:20Z,0
pQ6-jHTa7FI,life catch up / Q+A!  my life in boston + my job,hi everyone! thanks for watching! hope u are all doing well :) loving life rn and just wanted to drop a short video that isnt a vlog for ...,2019-07-17T01:27:14Z,@Zachary_Peace,"Welcome to Boston!!!!   Check out ""Explorateur Cafe"" it's relatively new, right next to Boston Common.   Also check out the Dim Sum places (""China Pearl"") around here, they are generally authentic and come around with carts of delicious food (tip: just say ""yes"" because you can't understand them--unless you speak their language).  Cambridge MUST GO: Life Alive--you literally need this in your life. Mostly Vegan, 100% Vegetarian, and a lot of gluten free options. ALL GOOD. Get the Spring Alive smoothie.",2019-07-22T23:07:00Z,3
pQ6-jHTa7FI,life catch up / Q+A!  my life in boston + my job,hi everyone! thanks for watching! hope u are all doing well :) loving life rn and just wanted to drop a short video that isnt a vlog for ...,2019-07-17T01:27:14Z,@collierincolor8972,"I would love to hear what types of tasks comprise a day at work for you (like is it a lot of phone calls, answering emails, meetings etc.?). Not vlogging at work because that's unprofessional but just giving a rundown of what types of tasks you do as an entry-level person in sales",2019-07-20T14:36:27Z,0
pQ6-jHTa7FI,life catch up / Q+A!  my life in boston + my job,hi everyone! thanks for watching! hope u are all doing well :) loving life rn and just wanted to drop a short video that isnt a vlog for ...,2019-07-17T01:27:14Z,@maddiewatson5599,I love you so much and your videos I've been watching you for about 6 months and I am so excited that you are working in Boston. Boston is my home away from home. I'm from NJ but every time I go to Boston I feel like I'm home. I fit so well there and I hope to go to college there or have a job in the city one day! When I watch your videos I feel like I get a little piece of the city and I feel so overwhelmed with joy and happiness.,2019-07-21T18:19:59Z,0
pQ6-jHTa7FI,life catch up / Q+A!  my life in boston + my job,hi everyone! thanks for watching! hope u are all doing well :) loving life rn and just wanted to drop a short video that isnt a vlog for ...,2019-07-17T01:27:14Z,@niiidddhhhiii,"That's a great attitude! The moment you start dreading going into work (on a regular basis not the occasional days), that's when you will no longer enjoy work and end up quitting to pursue a different position",2019-07-19T03:19:34Z,0
pQ6-jHTa7FI,life catch up / Q+A!  my life in boston + my job,hi everyone! thanks for watching! hope u are all doing well :) loving life rn and just wanted to drop a short video that isnt a vlog for ...,2019-07-17T01:27:14Z,@alexis8488,Brooke is just casually flexing on everyone in Boston with the most bomb apartment like whatttt,2019-07-17T01:48:36Z,67
pQ6-jHTa7FI,life catch up / Q+A!  my life in boston + my job,hi everyone! thanks for watching! hope u are all doing well :) loving life rn and just wanted to drop a short video that isnt a vlog for ...,2019-07-17T01:27:14Z,@cait_inthepink,You make Boston seem SO fun! The history nerd in me wants to see all the historical sites and learn more about the city (:,2019-07-18T18:08:36Z,0
pQ6-jHTa7FI,life catch up / Q+A!  my life in boston + my job,hi everyone! thanks for watching! hope u are all doing well :) loving life rn and just wanted to drop a short video that isnt a vlog for ...,2019-07-17T01:27:14Z,@Jess-vc2wp,Being from Boston I can honestly say there is no place like it! Wait till you experience Fall here during football season... then you‚Äôll see why its so fun here!!,2019-07-18T12:29:47Z,0
pQ6-jHTa7FI,life catch up / Q+A!  my life in boston + my job,hi everyone! thanks for watching! hope u are all doing well :) loving life rn and just wanted to drop a short video that isnt a vlog for ...,2019-07-17T01:27:14Z,@Meganmakennzie,"As a fellow Boston gal- I recommend checking out Lulus in Allston, Citrus and Salt, Fajitas and Ritas (for some food) and the Lawn on D has premium swings for great instagram content lol. It is like the staple of living in Boston!",2019-07-17T01:53:36Z,12
pQ6-jHTa7FI,life catch up / Q+A!  my life in boston + my job,hi everyone! thanks for watching! hope u are all doing well :) loving life rn and just wanted to drop a short video that isnt a vlog for ...,2019-07-17T01:27:14Z,@MylisaKay,"I live in a 600 sq ft one bedroom apt in chinatown that costs 2600 a month, I cant imagine how much your place costs.... Boston is so expensive :(",2019-07-17T03:25:29Z,6
pQ6-jHTa7FI,life catch up / Q+A!  my life in boston + my job,hi everyone! thanks for watching! hope u are all doing well :) loving life rn and just wanted to drop a short video that isnt a vlog for ...,2019-07-17T01:27:14Z,@deidremuirhead7300,"Recommendations: Pier 6 in Charlestown, Temazcal in the Seaport, and Legacy Place in Dedham. Also there‚Äôs shopping, dining and bars at Patriot Place in Foxborough, and you are going to be a Pats fan, right??????  Side note- Braintree‚Äôs South Shore Plaza is way better than Burlington Mall in that area in terms of selection of stores, but Natick Mall would have to be the nicest overall",2019-07-17T03:42:22Z,12
pQ6-jHTa7FI,life catch up / Q+A!  my life in boston + my job,hi everyone! thanks for watching! hope u are all doing well :) loving life rn and just wanted to drop a short video that isnt a vlog for ...,2019-07-17T01:27:14Z,@YamiletteConde,"I just found your channel! Do what makes you happy. If you quit your day job or not, do what makes you happy üòä I think being happy is so much more important than worrying about what people say. Of course YouTube is important and a good income, but you don‚Äôt have to film stuff that‚Äôs relatable. Be unique & i‚Äôm loving your videos so far‚ù§Ô∏è‚ù§Ô∏è‚ù§Ô∏è Sending lots of Positive Vibes !!!!",2019-07-18T18:35:30Z,0
pQ6-jHTa7FI,life catch up / Q+A!  my life in boston + my job,hi everyone! thanks for watching! hope u are all doing well :) loving life rn and just wanted to drop a short video that isnt a vlog for ...,2019-07-17T01:27:14Z,@cjsvolleyball,H&M has really affordable work clothes!! TONS of cute skirts and blazers (I can‚Äôt buy pants there because of my daddy long legs lol but they also have lots of work pants),2019-07-17T11:03:42Z,2
pQ6-jHTa7FI,life catch up / Q+A!  my life in boston + my job,hi everyone! thanks for watching! hope u are all doing well :) loving life rn and just wanted to drop a short video that isnt a vlog for ...,2019-07-17T01:27:14Z,@HauNguyen-ym7of,pls do like a business casual clothing haul/look book essentials,2019-08-09T03:41:07Z,2
pQ6-jHTa7FI,life catch up / Q+A!  my life in boston + my job,hi everyone! thanks for watching! hope u are all doing well :) loving life rn and just wanted to drop a short video that isnt a vlog for ...,2019-07-17T01:27:14Z,@Believeinyourself33,love how you are always aware and thankful for what you have.,2019-07-18T02:41:37Z,0
pQ6-jHTa7FI,life catch up / Q+A!  my life in boston + my job,hi everyone! thanks for watching! hope u are all doing well :) loving life rn and just wanted to drop a short video that isnt a vlog for ...,2019-07-17T01:27:14Z,@mericooney24,Lincoln for brunch!!,2019-08-06T22:06:28Z,0
pQ6-jHTa7FI,life catch up / Q+A!  my life in boston + my job,hi everyone! thanks for watching! hope u are all doing well :) loving life rn and just wanted to drop a short video that isnt a vlog for ...,2019-07-17T01:27:14Z,@04sarebear,"I love your channel, but I'm so glad you also have a day job. It makes your videos more relatable and it's motivating to see youtubers have jobs outside of youtube. Way to go, girl!",2019-07-17T13:41:46Z,2
pQ6-jHTa7FI,life catch up / Q+A!  my life in boston + my job,hi everyone! thanks for watching! hope u are all doing well :) loving life rn and just wanted to drop a short video that isnt a vlog for ...,2019-07-17T01:27:14Z,@brianaor1234,"Love your vlogs so much, it is hard to find a YouTuber to relate to nowadays. Not bashing because I get it but as a ‚Äúnormal person‚Äù watching your vlogs is refreshing. Also I lived in Boston last summer for an internship and LOVED it and you‚Äôre really making me want to move there too.",2019-07-18T02:30:33Z,4
pQ6-jHTa7FI,life catch up / Q+A!  my life in boston + my job,hi everyone! thanks for watching! hope u are all doing well :) loving life rn and just wanted to drop a short video that isnt a vlog for ...,2019-07-17T01:27:14Z,@lexharperr,Say hype all you want. Don't apologize for doing you!!,2019-07-22T04:09:36Z,0
pQ6-jHTa7FI,life catch up / Q+A!  my life in boston + my job,hi everyone! thanks for watching! hope u are all doing well :) loving life rn and just wanted to drop a short video that isnt a vlog for ...,2019-07-17T01:27:14Z,@SammieMcx3,okay I need help! I'm friends with all the interns at my internship but we end up just talking and hanging out instead of getting work done lol so how do you separate your friends from your work while you're in the office?? Love from a Boston gal on the go <3,2019-07-17T01:54:09Z,14
pQ6-jHTa7FI,life catch up / Q+A!  my life in boston + my job,hi everyone! thanks for watching! hope u are all doing well :) loving life rn and just wanted to drop a short video that isnt a vlog for ...,2019-07-17T01:27:14Z,@Rayofsunshinebeauty,I'm so happy for you Brooke!! Glad that you're loving your new job and where you live üíï,2019-07-21T13:09:36Z,2
pQ6-jHTa7FI,life catch up / Q+A!  my life in boston + my job,hi everyone! thanks for watching! hope u are all doing well :) loving life rn and just wanted to drop a short video that isnt a vlog for ...,2019-07-17T01:27:14Z,@floridalife2800,"Recognize not the privilege, but you hard work!!!!!!!! Give yourself a credit girl",2019-07-21T04:02:11Z,0
pQ6-jHTa7FI,life catch up / Q+A!  my life in boston + my job,hi everyone! thanks for watching! hope u are all doing well :) loving life rn and just wanted to drop a short video that isnt a vlog for ...,2019-07-17T01:27:14Z,@meganbowen2669,Summer in Boston really is the best. There‚Äôs nothing like it,2019-07-17T02:01:35Z,12
pQ6-jHTa7FI,life catch up / Q+A!  my life in boston + my job,hi everyone! thanks for watching! hope u are all doing well :) loving life rn and just wanted to drop a short video that isnt a vlog for ...,2019-07-17T01:27:14Z,@mandie1116,You can definitely tell you‚Äôre right where you should be ‚ù§Ô∏è so happy for you.,2019-07-17T01:29:09Z,15
pQ6-jHTa7FI,life catch up / Q+A!  my life in boston + my job,hi everyone! thanks for watching! hope u are all doing well :) loving life rn and just wanted to drop a short video that isnt a vlog for ...,2019-07-17T01:27:14Z,@kianasanchez6824,Brunch in Boston:    - the breakfast club (Cambridge - Allston) - The paramount (back bay)  - the friendly toast (Back bay or Cambridge)  - Cafe Landwer (Fenway)  - Earls (Prudential)  - clear flour bakery {SO gOOD} (Allston - Brighton),2019-07-17T13:32:32Z,1
pQ6-jHTa7FI,life catch up / Q+A!  my life in boston + my job,hi everyone! thanks for watching! hope u are all doing well :) loving life rn and just wanted to drop a short video that isnt a vlog for ...,2019-07-17T01:27:14Z,@elisabethadams1531,"I don‚Äôt know why but the outro just hit different this time, like you‚Äôre always so cute and genuine and I love it!",2019-07-21T12:39:00Z,0
pQ6-jHTa7FI,life catch up / Q+A!  my life in boston + my job,hi everyone! thanks for watching! hope u are all doing well :) loving life rn and just wanted to drop a short video that isnt a vlog for ...,2019-07-17T01:27:14Z,@ashleybell3148,Also say hype as much as you want,2019-07-21T02:26:10Z,3
pQ6-jHTa7FI,life catch up / Q+A!  my life in boston + my job,hi everyone! thanks for watching! hope u are all doing well :) loving life rn and just wanted to drop a short video that isnt a vlog for ...,2019-07-17T01:27:14Z,@grantrennie,"I used to be a part time bostonian too, was out at Bedford üëç",2019-08-25T12:00:45Z,0
pQ6-jHTa7FI,life catch up / Q+A!  my life in boston + my job,hi everyone! thanks for watching! hope u are all doing well :) loving life rn and just wanted to drop a short video that isnt a vlog for ...,2019-07-17T01:27:14Z,@victoriamcdonald3248,You seem like you‚Äôre really thriving right now in life. I‚Äôm glad everything seems to be working out well for you. üíõ,2019-07-17T22:49:09Z,0
pQ6-jHTa7FI,life catch up / Q+A!  my life in boston + my job,hi everyone! thanks for watching! hope u are all doing well :) loving life rn and just wanted to drop a short video that isnt a vlog for ...,2019-07-17T01:27:14Z,@landonlambert1541,"the hype comment you made is so funny to me because whenever I think about you I think about how much you use buzz words!! hahahaha, nothing wrong with it, its funny & cute!! love you!!",2019-07-18T01:52:57Z,0
pQ6-jHTa7FI,life catch up / Q+A!  my life in boston + my job,hi everyone! thanks for watching! hope u are all doing well :) loving life rn and just wanted to drop a short video that isnt a vlog for ...,2019-07-17T01:27:14Z,@ashleymontenegro7489,Brooke you have become one of my favorite YouTubers! As a college student in her Senior year I find you to be so relatable and I look forward to your videos.,2019-07-17T04:06:31Z,8
pQ6-jHTa7FI,life catch up / Q+A!  my life in boston + my job,hi everyone! thanks for watching! hope u are all doing well :) loving life rn and just wanted to drop a short video that isnt a vlog for ...,2019-07-17T01:27:14Z,@elizabethliu8731,I honestly have never thought your videos are boring! They relax me at the end of a crazy day and it feels like I‚Äôm catching up with an old pal! I can‚Äôt wait for the gals on the go upload ‚ù§Ô∏èüòç,2019-07-17T04:39:39Z,1
pQ6-jHTa7FI,life catch up / Q+A!  my life in boston + my job,hi everyone! thanks for watching! hope u are all doing well :) loving life rn and just wanted to drop a short video that isnt a vlog for ...,2019-07-17T01:27:14Z,@vollmerfamilyct235,will always click on brooke's videos!!!! so happy that you are able to do what some can't and balance the work and youtube life :) so proud of you,2019-07-17T21:20:50Z,0
pQ6-jHTa7FI,life catch up / Q+A!  my life in boston + my job,hi everyone! thanks for watching! hope u are all doing well :) loving life rn and just wanted to drop a short video that isnt a vlog for ...,2019-07-17T01:27:14Z,@Sallylovesgood,I LOVE boston. I visit every year. Couldnt live there *for now) because I hate the cold lol. But boston summers are amazing. I adore every inch of the city/Boston area. have fun!!,2019-07-17T03:02:11Z,2
pQ6-jHTa7FI,life catch up / Q+A!  my life in boston + my job,hi everyone! thanks for watching! hope u are all doing well :) loving life rn and just wanted to drop a short video that isnt a vlog for ...,2019-07-17T01:27:14Z,@miyamariemukai,Omg Brooke I think I‚Äôm working beautycon and if I see you my life will be made,2019-07-21T04:33:46Z,0
pQ6-jHTa7FI,life catch up / Q+A!  my life in boston + my job,hi everyone! thanks for watching! hope u are all doing well :) loving life rn and just wanted to drop a short video that isnt a vlog for ...,2019-07-17T01:27:14Z,@elimelechs.l3246,It's been a year and 6 months since I  moved to  Boston and I really like it.  #Floridian,2019-07-25T02:02:35Z,1
pQ6-jHTa7FI,life catch up / Q+A!  my life in boston + my job,hi everyone! thanks for watching! hope u are all doing well :) loving life rn and just wanted to drop a short video that isnt a vlog for ...,2019-07-17T01:27:14Z,@anothersatellite2001,Summer in Boston is the best? Girl just you wait till Fall!! Omg it's July and I already can't wait,2019-07-17T02:34:11Z,9
pQ6-jHTa7FI,life catch up / Q+A!  my life in boston + my job,hi everyone! thanks for watching! hope u are all doing well :) loving life rn and just wanted to drop a short video that isnt a vlog for ...,2019-07-17T01:27:14Z,@megschimelpfenig994,ah the blue state coffee mug!! i'm from rhode island and that's our place! also highly recommend a weekend down here in newport if you're looking to get away from the city üòé,2019-07-17T22:26:47Z,0
pQ6-jHTa7FI,life catch up / Q+A!  my life in boston + my job,hi everyone! thanks for watching! hope u are all doing well :) loving life rn and just wanted to drop a short video that isnt a vlog for ...,2019-07-17T01:27:14Z,@ayeemil,Wow Brooke I am so proud of you of how well you‚Äôve adapted to the 8-5 and adulting!! You e been killing the upload game and you genuinely look SO happy!! Ugh I love it so happy for you girlie,2019-07-17T03:09:50Z,18
pQ6-jHTa7FI,life catch up / Q+A!  my life in boston + my job,hi everyone! thanks for watching! hope u are all doing well :) loving life rn and just wanted to drop a short video that isnt a vlog for ...,2019-07-17T01:27:14Z,@abbybrann7331,"YESSS! boston is literally my favorite city, i go to BU and loveeee it! hope to see ya around some time!! :)",2019-07-19T01:31:52Z,1
pQ6-jHTa7FI,life catch up / Q+A!  my life in boston + my job,hi everyone! thanks for watching! hope u are all doing well :) loving life rn and just wanted to drop a short video that isnt a vlog for ...,2019-07-17T01:27:14Z,@talia8953,You are so clearly thriving in Boston and we love to see it!! Your content has been amazing lately and I can‚Äôt wait to follow along more with you ü§©,2019-07-17T10:41:26Z,1
pQ6-jHTa7FI,life catch up / Q+A!  my life in boston + my job,hi everyone! thanks for watching! hope u are all doing well :) loving life rn and just wanted to drop a short video that isnt a vlog for ...,2019-07-17T01:27:14Z,@elainem8591,You are so fantastic and inspiring. I‚Äôm glad I found your channel!,2019-07-28T19:56:12Z,0
pQ6-jHTa7FI,life catch up / Q+A!  my life in boston + my job,hi everyone! thanks for watching! hope u are all doing well :) loving life rn and just wanted to drop a short video that isnt a vlog for ...,2019-07-17T01:27:14Z,@cassideerotolo4376,where is your sweatshirt from??? it looks sooooo comfy!!,2019-07-17T01:43:24Z,11
pQ6-jHTa7FI,life catch up / Q+A!  my life in boston + my job,hi everyone! thanks for watching! hope u are all doing well :) loving life rn and just wanted to drop a short video that isnt a vlog for ...,2019-07-17T01:27:14Z,@ashleybell3148,"I love every single one of your vids Brooke. Love this catch up vid, LOVE the work week in my life vids. ‚ù§Ô∏è‚ù§Ô∏è‚ù§Ô∏è‚ù§Ô∏è‚ù§Ô∏è you‚Äôre just so relatable and chill and I just love you!!!!",2019-07-21T02:25:54Z,1
pQ6-jHTa7FI,life catch up / Q+A!  my life in boston + my job,hi everyone! thanks for watching! hope u are all doing well :) loving life rn and just wanted to drop a short video that isnt a vlog for ...,2019-07-17T01:27:14Z,@TheMakeupgal,"Brooke, you're the freaking best. Thank you for being you and the impact you make on all of us is outstanding!",2019-07-17T14:10:47Z,0
pQ6-jHTa7FI,life catch up / Q+A!  my life in boston + my job,hi everyone! thanks for watching! hope u are all doing well :) loving life rn and just wanted to drop a short video that isnt a vlog for ...,2019-07-17T01:27:14Z,@indistinctcolor,"Do you watch Gretchen Geraghty? You remind me of each other because you're both young college grads vlogging in Boston, I think she's from NY originally too.",2019-08-26T17:36:33Z,0
pQ6-jHTa7FI,life catch up / Q+A!  my life in boston + my job,hi everyone! thanks for watching! hope u are all doing well :) loving life rn and just wanted to drop a short video that isnt a vlog for ...,2019-07-17T01:27:14Z,@ali_paige1227,"I don‚Äôt know if you‚Äôre looking for more work clothes, but Loft and Ann Taylor have some great piecesüòä",2019-07-18T03:33:12Z,1
pQ6-jHTa7FI,life catch up / Q+A!  my life in boston + my job,hi everyone! thanks for watching! hope u are all doing well :) loving life rn and just wanted to drop a short video that isnt a vlog for ...,2019-07-17T01:27:14Z,@jackiew2738,"no one:  literally no one:  brooke: ‚Äúlet‚Äôs get it, cheers‚Äù  lol its all love hahaha",2019-07-17T05:21:53Z,3
pQ6-jHTa7FI,life catch up / Q+A!  my life in boston + my job,hi everyone! thanks for watching! hope u are all doing well :) loving life rn and just wanted to drop a short video that isnt a vlog for ...,2019-07-17T01:27:14Z,@annasunderman8389,Your videos and the life you‚Äôve created in Boston with your career is seriously so motivating! I‚Äôm in grad school and I always love watching your videos to keep me going üíï,2019-07-17T02:55:31Z,0
pQ6-jHTa7FI,life catch up / Q+A!  my life in boston + my job,hi everyone! thanks for watching! hope u are all doing well :) loving life rn and just wanted to drop a short video that isnt a vlog for ...,2019-07-17T01:27:14Z,@cathycorner4957,AHH YOOO I GO TO COLLEGE IN BOSTON!!!!! My home's NY but Boston's my college hometown <3 WELCOME TO THE CITY MAN!,2019-07-19T14:44:18Z,0
pQ6-jHTa7FI,life catch up / Q+A!  my life in boston + my job,hi everyone! thanks for watching! hope u are all doing well :) loving life rn and just wanted to drop a short video that isnt a vlog for ...,2019-07-17T01:27:14Z,@francescachiaverotti3847,So happy for you girl!!,2019-07-18T17:28:19Z,0
pQ6-jHTa7FI,life catch up / Q+A!  my life in boston + my job,hi everyone! thanks for watching! hope u are all doing well :) loving life rn and just wanted to drop a short video that isnt a vlog for ...,2019-07-17T01:27:14Z,@kerry6983,"For brunch places, you should try sweet life in Dorchester! So good",2019-07-17T02:25:53Z,3
pQ6-jHTa7FI,life catch up / Q+A!  my life in boston + my job,hi everyone! thanks for watching! hope u are all doing well :) loving life rn and just wanted to drop a short video that isnt a vlog for ...,2019-07-17T01:27:14Z,@cassiekoers1325,Brooke you are literally my favorite YouTuber to watch week in my life vlogs!! Please please keep doing them. They are so entertaining and please make them LONGGGGG. love you<3,2019-07-17T01:41:36Z,19
pQ6-jHTa7FI,life catch up / Q+A!  my life in boston + my job,hi everyone! thanks for watching! hope u are all doing well :) loving life rn and just wanted to drop a short video that isnt a vlog for ...,2019-07-17T01:27:14Z,@aaliyahhhbeyy,"i am obsessed with you videos right now because i also just graduated last may, got a job straight out of college, and had a pretty fast transition to ‚Äúthe real world‚Äù lol. Keep it up!!!",2019-07-17T01:58:27Z,2
pQ6-jHTa7FI,life catch up / Q+A!  my life in boston + my job,hi everyone! thanks for watching! hope u are all doing well :) loving life rn and just wanted to drop a short video that isnt a vlog for ...,2019-07-17T01:27:14Z,@laurenrodolakis1313,"Best brunch in boston is lincoln tavern in southie, you're welcome",2019-07-22T11:55:27Z,1
pQ6-jHTa7FI,life catch up / Q+A!  my life in boston + my job,hi everyone! thanks for watching! hope u are all doing well :) loving life rn and just wanted to drop a short video that isnt a vlog for ...,2019-07-17T01:27:14Z,@sogirlygirl9627,So awesome that you are loving where you're at right now in lifeüíóEnjoy it girl! So happy for you!üòÉ To love what you are doing and where you work is so amazing!,2019-07-17T12:57:06Z,0
pQ6-jHTa7FI,life catch up / Q+A!  my life in boston + my job,hi everyone! thanks for watching! hope u are all doing well :) loving life rn and just wanted to drop a short video that isnt a vlog for ...,2019-07-17T01:27:14Z,@briburke9827,ALWAYS channeling brooke miccio vibes,2019-07-17T02:03:03Z,2
pQ6-jHTa7FI,life catch up / Q+A!  my life in boston + my job,hi everyone! thanks for watching! hope u are all doing well :) loving life rn and just wanted to drop a short video that isnt a vlog for ...,2019-07-17T01:27:14Z,@clairestephens6257,I just got home from being in Boston for a week and I LOVE it! Boston is so beautiful! I see why you love it there!,2019-07-17T01:44:26Z,4
pQ6-jHTa7FI,life catch up / Q+A!  my life in boston + my job,hi everyone! thanks for watching! hope u are all doing well :) loving life rn and just wanted to drop a short video that isnt a vlog for ...,2019-07-17T01:27:14Z,@bieberfever1932,I‚Äôm a junior at Sacred Heart! Go Pioneers! Maybe I‚Äôll see your brother around haha,2019-07-20T06:12:49Z,0
pQ6-jHTa7FI,life catch up / Q+A!  my life in boston + my job,hi everyone! thanks for watching! hope u are all doing well :) loving life rn and just wanted to drop a short video that isnt a vlog for ...,2019-07-17T01:27:14Z,@danacroutier4318,anyone know where her shirt is from?,2019-09-29T01:23:46Z,0
pQ6-jHTa7FI,life catch up / Q+A!  my life in boston + my job,hi everyone! thanks for watching! hope u are all doing well :) loving life rn and just wanted to drop a short video that isnt a vlog for ...,2019-07-17T01:27:14Z,@KateRussellVideos,literally SO many of my favorite youtubers live in Boston!!! maybe I should go visit just in the hopes that I run into one of youüíï,2019-07-17T03:46:35Z,1
pQ6-jHTa7FI,life catch up / Q+A!  my life in boston + my job,hi everyone! thanks for watching! hope u are all doing well :) loving life rn and just wanted to drop a short video that isnt a vlog for ...,2019-07-17T01:27:14Z,@isabellibby596,"OMG I am from Boston, and am going into my Senior year at Sacred Heart!!! Small world :)",2019-07-17T03:05:33Z,3
pQ6-jHTa7FI,life catch up / Q+A!  my life in boston + my job,hi everyone! thanks for watching! hope u are all doing well :) loving life rn and just wanted to drop a short video that isnt a vlog for ...,2019-07-17T01:27:14Z,@GraceAlexandra,literally so cool that you get to live in Boston!!!  p.s. small youtuber here!üíõüåü‚ú®,2019-07-17T05:54:38Z,1
pQ6-jHTa7FI,life catch up / Q+A!  my life in boston + my job,hi everyone! thanks for watching! hope u are all doing well :) loving life rn and just wanted to drop a short video that isnt a vlog for ...,2019-07-17T01:27:14Z,@kaylapintar3957,Brooke you are GLOWING‚ù§Ô∏è‚ù§Ô∏è. You have matured and grown up so much since the end of your senior year of college.  Love the work week vlogs.,2019-07-17T03:32:05Z,2
pQ6-jHTa7FI,life catch up / Q+A!  my life in boston + my job,hi everyone! thanks for watching! hope u are all doing well :) loving life rn and just wanted to drop a short video that isnt a vlog for ...,2019-07-17T01:27:14Z,@kyliejoiner5999,"I have been super obsessed with your videos lately!! I love the post grad content, it makes me so excited for when I finish college and vet school. You and Abby Asselin are 2 of my faves!!",2019-07-17T14:00:29Z,0
pQ6-jHTa7FI,life catch up / Q+A!  my life in boston + my job,hi everyone! thanks for watching! hope u are all doing well :) loving life rn and just wanted to drop a short video that isnt a vlog for ...,2019-07-17T01:27:14Z,@CarissaPorth,i love your channel because it's so unique with the work vlogs and stuff! motivates me for the future SO much,2019-07-17T05:37:05Z,1
pQ6-jHTa7FI,life catch up / Q+A!  my life in boston + my job,hi everyone! thanks for watching! hope u are all doing well :) loving life rn and just wanted to drop a short video that isnt a vlog for ...,2019-07-17T01:27:14Z,@itiz1,Where is she working at,2019-07-28T15:51:17Z,0
pQ6-jHTa7FI,life catch up / Q+A!  my life in boston + my job,hi everyone! thanks for watching! hope u are all doing well :) loving life rn and just wanted to drop a short video that isnt a vlog for ...,2019-07-17T01:27:14Z,@amberwarnock7868,just watched ur old sophomore year move in and now we're here. proud of you girl!,2019-07-17T01:55:04Z,2
pQ6-jHTa7FI,life catch up / Q+A!  my life in boston + my job,hi everyone! thanks for watching! hope u are all doing well :) loving life rn and just wanted to drop a short video that isnt a vlog for ...,2019-07-17T01:27:14Z,@elle5502,QUEEN. Loving this qual post grad content,2019-07-17T01:40:50Z,8
pQ6-jHTa7FI,life catch up / Q+A!  my life in boston + my job,hi everyone! thanks for watching! hope u are all doing well :) loving life rn and just wanted to drop a short video that isnt a vlog for ...,2019-07-17T01:27:14Z,@marissanicole8257,LOVING these post grad vids!!!,2019-07-21T12:11:48Z,0
pQ6-jHTa7FI,life catch up / Q+A!  my life in boston + my job,hi everyone! thanks for watching! hope u are all doing well :) loving life rn and just wanted to drop a short video that isnt a vlog for ...,2019-07-17T01:27:14Z,@JessicaSchlorke,I love that you're enjoying Boston so much! So happy for you!!!,2019-07-17T12:59:50Z,0
pQ6-jHTa7FI,life catch up / Q+A!  my life in boston + my job,hi everyone! thanks for watching! hope u are all doing well :) loving life rn and just wanted to drop a short video that isnt a vlog for ...,2019-07-17T01:27:14Z,@ManjuSingh-io6ix,I think you moved to the right place Boston is a beautiful city üåπ,2019-07-17T16:14:06Z,1
pQ6-jHTa7FI,life catch up / Q+A!  my life in boston + my job,hi everyone! thanks for watching! hope u are all doing well :) loving life rn and just wanted to drop a short video that isnt a vlog for ...,2019-07-17T01:27:14Z,@PreeyaSharma,i wanna wathc ur videos but when you look at the view finder the whole time it gives me a headache focusing my eyes. please look at the screen üò≠ this isn‚Äôt hate i literally love her!!!,2019-07-17T01:37:15Z,6
pQ6-jHTa7FI,life catch up / Q+A!  my life in boston + my job,hi everyone! thanks for watching! hope u are all doing well :) loving life rn and just wanted to drop a short video that isnt a vlog for ...,2019-07-17T01:27:14Z,@amandacarrano5823,Yes def do a recommendation video when you get a little more established! I would love to see that!,2019-07-17T11:51:52Z,0
pQ6-jHTa7FI,life catch up / Q+A!  my life in boston + my job,hi everyone! thanks for watching! hope u are all doing well :) loving life rn and just wanted to drop a short video that isnt a vlog for ...,2019-07-17T01:27:14Z,@katiepfeifer6273,You look so happy!! Boston is such a wonderful city and I‚Äôm so happy that you love it!! Keep thriving girl <3,2019-07-17T01:35:47Z,9
pQ6-jHTa7FI,life catch up / Q+A!  my life in boston + my job,hi everyone! thanks for watching! hope u are all doing well :) loving life rn and just wanted to drop a short video that isnt a vlog for ...,2019-07-17T01:27:14Z,@jordanarose2025,Yessss Brooke loving these videos and love that you are always welcome to sharing about your life,2019-07-17T01:32:51Z,7
pQ6-jHTa7FI,life catch up / Q+A!  my life in boston + my job,hi everyone! thanks for watching! hope u are all doing well :) loving life rn and just wanted to drop a short video that isnt a vlog for ...,2019-07-17T01:27:14Z,@angelaolsen9166,LOVE how real you are Brooke <3,2019-07-17T13:57:34Z,0
pQ6-jHTa7FI,life catch up / Q+A!  my life in boston + my job,hi everyone! thanks for watching! hope u are all doing well :) loving life rn and just wanted to drop a short video that isnt a vlog for ...,2019-07-17T01:27:14Z,@jenniemoe3603,Loving the Boston videos! So happy for you!,2019-07-17T02:33:39Z,2
pQ6-jHTa7FI,life catch up / Q+A!  my life in boston + my job,hi everyone! thanks for watching! hope u are all doing well :) loving life rn and just wanted to drop a short video that isnt a vlog for ...,2019-07-17T01:27:14Z,@CrazyBeautyBaby1,Love seeing your growth through your videos Brooke! So happy that you‚Äôre happy! üòä,2019-07-17T04:10:57Z,3
pQ6-jHTa7FI,life catch up / Q+A!  my life in boston + my job,hi everyone! thanks for watching! hope u are all doing well :) loving life rn and just wanted to drop a short video that isnt a vlog for ...,2019-07-17T01:27:14Z,@gracehurley1956,My favorite video to see in the subscription box!!!,2019-07-17T02:53:47Z,1
pQ6-jHTa7FI,life catch up / Q+A!  my life in boston + my job,hi everyone! thanks for watching! hope u are all doing well :) loving life rn and just wanted to drop a short video that isnt a vlog for ...,2019-07-17T01:27:14Z,@amyjo.munson,Such an incredible gal on the goüíï,2019-07-17T05:29:16Z,0
pQ6-jHTa7FI,life catch up / Q+A!  my life in boston + my job,hi everyone! thanks for watching! hope u are all doing well :) loving life rn and just wanted to drop a short video that isnt a vlog for ...,2019-07-17T01:27:14Z,@rebeccabalding553,So happy for you Brooke!!! (:,2019-07-17T03:21:51Z,0
pQ6-jHTa7FI,life catch up / Q+A!  my life in boston + my job,hi everyone! thanks for watching! hope u are all doing well :) loving life rn and just wanted to drop a short video that isnt a vlog for ...,2019-07-17T01:27:14Z,@ilovemybffsp,So happy you are loving Boston so much!! üíï,2019-07-17T01:46:15Z,1
pQ6-jHTa7FI,life catch up / Q+A!  my life in boston + my job,hi everyone! thanks for watching! hope u are all doing well :) loving life rn and just wanted to drop a short video that isnt a vlog for ...,2019-07-17T01:27:14Z,@sunavlogs,you are so well spoken <3 such a pleasure watching your videos!,2019-07-17T01:56:53Z,4
pQ6-jHTa7FI,life catch up / Q+A!  my life in boston + my job,hi everyone! thanks for watching! hope u are all doing well :) loving life rn and just wanted to drop a short video that isnt a vlog for ...,2019-07-17T01:27:14Z,@halliejordyn,you're killing it girlie. glad to hear you're loving your job and boston!!,2019-07-17T02:31:05Z,1
pQ6-jHTa7FI,life catch up / Q+A!  my life in boston + my job,hi everyone! thanks for watching! hope u are all doing well :) loving life rn and just wanted to drop a short video that isnt a vlog for ...,2019-07-17T01:27:14Z,@Emmanuelle291996,Hey! Love your videos!! Could you ae a budget video or talk about how you manage your money? That would be so interesting to see,2019-07-17T12:59:20Z,0
pQ6-jHTa7FI,life catch up / Q+A!  my life in boston + my job,hi everyone! thanks for watching! hope u are all doing well :) loving life rn and just wanted to drop a short video that isnt a vlog for ...,2019-07-17T01:27:14Z,@arelib.4334,Love you ‚ù§Ô∏è so good to see updates!! Please keep doing vlogs üôèüèª‚ú®‚ú®‚ú®‚ú®,2019-07-17T01:54:06Z,2
pQ6-jHTa7FI,life catch up / Q+A!  my life in boston + my job,hi everyone! thanks for watching! hope u are all doing well :) loving life rn and just wanted to drop a short video that isnt a vlog for ...,2019-07-17T01:27:14Z,@simplysarahbeauty,Loved this Brooke!!!,2019-07-17T12:14:19Z,0
pQ6-jHTa7FI,life catch up / Q+A!  my life in boston + my job,hi everyone! thanks for watching! hope u are all doing well :) loving life rn and just wanted to drop a short video that isnt a vlog for ...,2019-07-17T01:27:14Z,@anniebonis8892,Literally so pumped to see a new vid!!!! Much loveeee,2019-07-17T01:42:23Z,3
RfUKrXKbUM4,Behind-The-Scenes at America&#39;s Test Kitchen&#39;s New Home in Boston&#39;s Seaport District,Want to work here? Check out our job listings: https://www.americastestkitchen.com/jobs We've now been in our new space in ...,2018-02-12T16:13:11Z,@tonyfrenolaski7731,Where is Chris who made it all possible !,2020-07-21T02:24:57Z,0
RfUKrXKbUM4,Behind-The-Scenes at America&#39;s Test Kitchen&#39;s New Home in Boston&#39;s Seaport District,Want to work here? Check out our job listings: https://www.americastestkitchen.com/jobs We've now been in our new space in ...,2018-02-12T16:13:11Z,@Bill-OKC-N5NUK,Watching this makes me wish I could get back into TV production again!!,2018-02-16T23:38:53Z,1
RfUKrXKbUM4,Behind-The-Scenes at America&#39;s Test Kitchen&#39;s New Home in Boston&#39;s Seaport District,Want to work here? Check out our job listings: https://www.americastestkitchen.com/jobs We've now been in our new space in ...,2018-02-12T16:13:11Z,@momc1134,"How do we apply to be a taste tester, lol! Congrats on the new home....looking forward to good things coming from there in the future!",2018-02-12T18:07:58Z,4
RfUKrXKbUM4,Behind-The-Scenes at America&#39;s Test Kitchen&#39;s New Home in Boston&#39;s Seaport District,Want to work here? Check out our job listings: https://www.americastestkitchen.com/jobs We've now been in our new space in ...,2018-02-12T16:13:11Z,@milkmanzwife,ATK has a beautiful new home and I‚Äôm excited to see what‚Äôs cooking!,2018-02-12T18:22:31Z,5
RfUKrXKbUM4,Behind-The-Scenes at America&#39;s Test Kitchen&#39;s New Home in Boston&#39;s Seaport District,Want to work here? Check out our job listings: https://www.americastestkitchen.com/jobs We've now been in our new space in ...,2018-02-12T16:13:11Z,@bluekittenx64,"There's my boy, Dan!!! Now the science of good cooking can finally go further than ever!!!",2018-02-12T22:38:21Z,0
RfUKrXKbUM4,Behind-The-Scenes at America&#39;s Test Kitchen&#39;s New Home in Boston&#39;s Seaport District,Want to work here? Check out our job listings: https://www.americastestkitchen.com/jobs We've now been in our new space in ...,2018-02-12T16:13:11Z,@Red_Proton,Congratulations on the new place! Looks good.,2018-02-14T17:04:48Z,0
RfUKrXKbUM4,Behind-The-Scenes at America&#39;s Test Kitchen&#39;s New Home in Boston&#39;s Seaport District,Want to work here? Check out our job listings: https://www.americastestkitchen.com/jobs We've now been in our new space in ...,2018-02-12T16:13:11Z,@kellybarboni9509,"Congratulations on your new home! I am so looking forward to all the wonderful recipes that you will develop, in your gorgeous new kitchens!!",2018-02-12T16:38:30Z,1
RfUKrXKbUM4,Behind-The-Scenes at America&#39;s Test Kitchen&#39;s New Home in Boston&#39;s Seaport District,Want to work here? Check out our job listings: https://www.americastestkitchen.com/jobs We've now been in our new space in ...,2018-02-12T16:13:11Z,@rickeys,The dishwashing must be intense!,2018-02-13T23:09:49Z,1
RfUKrXKbUM4,Behind-The-Scenes at America&#39;s Test Kitchen&#39;s New Home in Boston&#39;s Seaport District,Want to work here? Check out our job listings: https://www.americastestkitchen.com/jobs We've now been in our new space in ...,2018-02-12T16:13:11Z,@avalon449,All of the on air people look younger in their street cloths. Always knew Erin was stunning......,2018-02-12T16:31:55Z,1
RfUKrXKbUM4,Behind-The-Scenes at America&#39;s Test Kitchen&#39;s New Home in Boston&#39;s Seaport District,Want to work here? Check out our job listings: https://www.americastestkitchen.com/jobs We've now been in our new space in ...,2018-02-12T16:13:11Z,@Warioda,Ok... Now I understand why you kinda disappeared for a wee bit.,2018-02-20T11:53:58Z,1
RfUKrXKbUM4,Behind-The-Scenes at America&#39;s Test Kitchen&#39;s New Home in Boston&#39;s Seaport District,Want to work here? Check out our job listings: https://www.americastestkitchen.com/jobs We've now been in our new space in ...,2018-02-12T16:13:11Z,@maydaygarden,Nice digs! What will the farmhouse be used for now?,2018-02-15T16:55:32Z,0
RfUKrXKbUM4,Behind-The-Scenes at America&#39;s Test Kitchen&#39;s New Home in Boston&#39;s Seaport District,Want to work here? Check out our job listings: https://www.americastestkitchen.com/jobs We've now been in our new space in ...,2018-02-12T16:13:11Z,@d.t.4523,"Great! Now, when are you going to branch out into Atlanta? ...I'm hungry.",2018-02-12T20:11:05Z,1
RfUKrXKbUM4,Behind-The-Scenes at America&#39;s Test Kitchen&#39;s New Home in Boston&#39;s Seaport District,Want to work here? Check out our job listings: https://www.americastestkitchen.com/jobs We've now been in our new space in ...,2018-02-12T16:13:11Z,@cattigereyes1,"Growth means prosperity, keep your roots! Good information and easy to follow recipes!",2018-02-12T16:20:48Z,1
RfUKrXKbUM4,Behind-The-Scenes at America&#39;s Test Kitchen&#39;s New Home in Boston&#39;s Seaport District,Want to work here? Check out our job listings: https://www.americastestkitchen.com/jobs We've now been in our new space in ...,2018-02-12T16:13:11Z,@kd1s,Oh I love the Seaport district of Boston. Congrats on the new space.,2018-02-12T16:43:14Z,0
RfUKrXKbUM4,Behind-The-Scenes at America&#39;s Test Kitchen&#39;s New Home in Boston&#39;s Seaport District,Want to work here? Check out our job listings: https://www.americastestkitchen.com/jobs We've now been in our new space in ...,2018-02-12T16:13:11Z,@tymesho,"wonderful! you should invite a viewer (like me) for a ""once in a while"" show! best of luck!",2018-02-12T16:20:43Z,0
RfUKrXKbUM4,Behind-The-Scenes at America&#39;s Test Kitchen&#39;s New Home in Boston&#39;s Seaport District,Want to work here? Check out our job listings: https://www.americastestkitchen.com/jobs We've now been in our new space in ...,2018-02-12T16:13:11Z,@pilotbum,I always felt the subscriptions were too expensive. I was right.,2018-02-13T01:49:31Z,1
RfUKrXKbUM4,Behind-The-Scenes at America&#39;s Test Kitchen&#39;s New Home in Boston&#39;s Seaport District,Want to work here? Check out our job listings: https://www.americastestkitchen.com/jobs We've now been in our new space in ...,2018-02-12T16:13:11Z,@rtz1902,Congrats,2018-02-12T18:27:48Z,3
RfUKrXKbUM4,Behind-The-Scenes at America&#39;s Test Kitchen&#39;s New Home in Boston&#39;s Seaport District,Want to work here? Check out our job listings: https://www.americastestkitchen.com/jobs We've now been in our new space in ...,2018-02-12T16:13:11Z,@TheOnlyLaRae,Congrats and keep up the excellent work!,2018-02-12T17:10:27Z,0
RfUKrXKbUM4,Behind-The-Scenes at America&#39;s Test Kitchen&#39;s New Home in Boston&#39;s Seaport District,Want to work here? Check out our job listings: https://www.americastestkitchen.com/jobs We've now been in our new space in ...,2018-02-12T16:13:11Z,@protocolofficer2629,"Just an amazing looking space.  I know that great things will happen here.  Although I love all the presenters and know they are doing an exemplary job, you/we still need Chris!  Oh Chris who should be at the helm, please come back!",2018-02-12T17:43:38Z,3
RfUKrXKbUM4,Behind-The-Scenes at America&#39;s Test Kitchen&#39;s New Home in Boston&#39;s Seaport District,Want to work here? Check out our job listings: https://www.americastestkitchen.com/jobs We've now been in our new space in ...,2018-02-12T16:13:11Z,@DSherman50,"I believe ATK has progressed just fine without him. For a time he was alright, but then his act got old. To me, he became the overlord I suffered through to get to the learning process. In all honesty, I came to resent him as he increasing acted like the stat of the show. Who has time for that?",2018-05-11T17:43:51Z,0
RfUKrXKbUM4,Behind-The-Scenes at America&#39;s Test Kitchen&#39;s New Home in Boston&#39;s Seaport District,Want to work here? Check out our job listings: https://www.americastestkitchen.com/jobs We've now been in our new space in ...,2018-02-12T16:13:11Z,@rosespaulding5236,Nice!! But you need to add more color to your staff. Everyone likes food.,2018-02-12T22:27:49Z,7
RfUKrXKbUM4,Behind-The-Scenes at America&#39;s Test Kitchen&#39;s New Home in Boston&#39;s Seaport District,Want to work here? Check out our job listings: https://www.americastestkitchen.com/jobs We've now been in our new space in ...,2018-02-12T16:13:11Z,@lastrick08,where has Chris gone?,2018-02-12T16:26:57Z,0
RfUKrXKbUM4,Behind-The-Scenes at America&#39;s Test Kitchen&#39;s New Home in Boston&#39;s Seaport District,Want to work here? Check out our job listings: https://www.americastestkitchen.com/jobs We've now been in our new space in ...,2018-02-12T16:13:11Z,@BTUsBTUs,Not the same with out Chris,2018-02-12T21:10:07Z,2
RfUKrXKbUM4,Behind-The-Scenes at America&#39;s Test Kitchen&#39;s New Home in Boston&#39;s Seaport District,Want to work here? Check out our job listings: https://www.americastestkitchen.com/jobs We've now been in our new space in ...,2018-02-12T16:13:11Z,@backroadwanderin,"this show no longer feels authentic, the current hosts took too many acting classes, everything feels so much more scripted and flat.",2018-02-12T21:24:39Z,2
_YoSCo0BC3w,Now Hiring: Boston EMS,Learn more at boston.gov/jobs.,2018-04-03T21:16:39Z,@reinaldosantiago6077,"My dad is a Boston EMS and he speaks English, Spanish, Portuguese, and French creole.",2020-05-03T02:46:01Z,0
_YoSCo0BC3w,Now Hiring: Boston EMS,Learn more at boston.gov/jobs.,2018-04-03T21:16:39Z,@RashadPrince,Girl with the braids work at GameStop for many years in the city. she is very well known in the community awesome woman.,2018-09-12T11:26:54Z,2
_YoSCo0BC3w,Now Hiring: Boston EMS,Learn more at boston.gov/jobs.,2018-04-03T21:16:39Z,@CarsXBars,Great ppl in this video,2021-02-08T18:54:59Z,0
_YoSCo0BC3w,Now Hiring: Boston EMS,Learn more at boston.gov/jobs.,2018-04-03T21:16:39Z,@MoparGuy1625,What is the starting pay for EMTs?,2018-07-14T01:09:27Z,0
_3_t9Q-Jkuw,Boston Skills Training Program - Get a job in Boston,IINE offers two intensive job-training programs that provide excellent opportunities for newcomers to the United States who have ...,2019-06-28T00:59:12Z,@enriqueiglesiasmontanavill2565,Can I get a job in this company?  Note that I live in Haiti and I intend to apply for the new program for Haitian immigrants launched by the American government.,2023-01-27T03:57:59Z,0
yM3cH8Q5YdE,Work At Home Jobs In Massachusetts,Work At Home Jobs In Massachusetts ‚ñ∂Ô∏è http://bit.ly/MassJobs2019 ‚óÄÔ∏è ‚ÄúNEW! Weird Trick Exploits $480 MILLION GLITCH ...,2019-05-26T04:50:58Z,@workathomejobsinmassachuse3379,"‚ñ∂Ô∏è Work At Home Jobs In Massachusetts ‚ñ∂Ô∏è http://bit.ly/MassJobs2019 ‚óÄÔ∏è ‚ÄúIt doesn‚Äôt matter if you‚Äôve got ZERO experience for Work At Home Jobs In Massachusetts‚Ä¶‚Äù",2019-05-26T04:52:20Z,0
7Y5GIKofANI,Keeping jobs in the U.S. - Crafted by Americans - Boston Leather,Leather belts and accessories made in the USA. Crafted by Americans. www.BostonLeather.com.,2018-02-16T17:08:55Z,@julesthurongi1223,Hey there!! Just curious if you could possibly give some more detail on the police saps that you guys make? I'd love to get one or two to do a review of!!,2018-09-03T01:53:41Z,0
